pharmacist_id;name;address;dob;phone;rate
PH-ID-5441;Urip Harahap, S.Farm., Apt;Jl Jend A Yani 123;1970-08-03;159-3323-984;2500000
PH-ID-9585;Rima Elfitra Rambe, S.Farm., Apt;Jl Pasirkoja 21 Bandung;1990-02-26;448-5835-440;3000000
PH-ID-3003;Intan Farah Diba ngela, S.Farm., Apt;Jl Jend A Yani 678 Bandung;1991-08-20;143-6945-649;2500000
PH-ID-6683;Yuliana, S.Farm., Apt;Jl Cipagalo 251 Bandung;1980-08-05;933-1729-534;3000000
PH-ID-2600;Novita Sari, S.Farm., Apt;Jl Kopo 329 Bandung;1981-04-01;629-7313-600;3250000
PH-ID-1270;Khadijah, S.Farm., Apt;Jl ABC 38 Bandung;1985-06-22;257-2794-678;3500000
PH-ID-2585;Trie Kurnia Waldini, S. Farm., Apt;Jl Moh Yunus 5 Bandung;1985-10-31;610-7632-438;4000000
PH-ID-4735;Fasya Hadaina Maharani, S.Farm., Apt;Jl Sukamenak Sayati 41 Bandung;1980-10-18;188-3925-909;3000000
PH-ID-6980;Krisnasari Dian Pratami, S.Farm., Apt.;Jl Kopo Sayati 137 Bandung;1983-06-27;483-7840-592;2500000
PH-ID-8331;Galuh Ayu Silvia Ningrum, S.Farm., Apt.;Jl Ir H Juanda 306-A Bandung;1981-01-04;311-8874-881;3500000
PH-ID-2200;Ayu Andira, S.Farm., Apt;Jl Pasir Kaliki 121 Bandung;1993-04-02;521-3427-265;2500000
PH-ID-1567;Lulu Handasari, S.Farm., Apt;Jl Peta Lingkar Selatan B/20 Bandung;1980-05-21;806-1556-213;3250000
PH-ID-4581;Ulya Arifah Nst, S.Farm., Apt;Jl Permai Raya 48 Kompl Margahayu Permai RT 006/08 Bandung;1987-07-31;233-4017-362;4000000
PH-ID-2032;Hindun HS, S.Farm., Apt;Jl Laswi 84 Bandung;1973-10-22;804-4638-574;2500000
PH-ID-7218;Purwani, S.Farm., Apt;Jl Purwakarta 57 Bandung;1971-03-13;532-3812-654;4000000
PH-ID-5891;Budi Raharjo, S.Farm., Apt;Jl Astana Anyar 156 Bandung;1975-07-03;135-1584-403;3500000
PH-ID-4490;Fleming Tantra, S.Farm., Apt;Jl Otto Iskandardinata 271 Bandung;1971-02-09;672-4549-470;2500000
PH-ID-4658;Khafidz Nasrudin, S.Farm., Apt.;Kompl Kopo Permai I Bl 55-A/6 Bandung;1989-07-01;206-6100-211;3250000
PH-ID-7607;Dwi Astuti, S.Farm., Apt.;Jl Nuri 23 RT 001/10 Bandung;1985-07-28;938-6553-438;3500000
PH-ID-4486;Desy Trilatifasari, S.Farm., Apt.;Jl Jend Sudirman 366 Bandung;1984-06-24;353-3606-235;3000000
PH-ID-4571;Hani Latifah Indrakumala, S.Farm., Apt.;Jl Purwakarta 204 Bandung;1971-06-16;575-1837-594;3000000
PH-ID-6799;Dhian Rahayu Setyowati, S.Farm., Apt.;Jl Jend A Yani 803 Bandung;1977-04-10;968-1618-241;3500000
PH-ID-5674;Rosita Nur Asyiyah, S.Farm., Apt.;Jl Astana Anyar 338-B Bandung;1988-06-24;016-4981-860;2500000
PH-ID-2004;Dra. Leony Julietta, Apt.;Jl Otto Iskandardinata 377 Bandung;1983-10-01;649-8841-112;3500000
PH-ID-1355;Nuryanti, M.Sc., Apt.;Jl H Kurdi 46 RT 010/01 Bandung;1986-02-13;473-4620-785;4000000
PH-ID-6301;Sugeng Priatno, S.Farm., Apt;Jl Rangga Gading 4 Bandung;1987-10-20;965-5393-497;4000000
PH-ID-8092;Gusmanto, MBA, Apt.;Jl Golf Brt 31 Bandung;1990-09-09;051-9660-597;2500000
PH-ID-1074;Rachmawati Widianingrum, S.Farm.,Apt.;Jl Purwakarta 3 Bandung;1980-09-06;599-1471-268;3500000
PH-ID-2504;Farida Amalia, S.Farm.,Apt.;Jl Cipaganti 79 Bandung;1978-04-05;696-8055-921;3000000
PH-ID-9316;Noni Mega Kinasih, S.Farm.,Apt.;Jl Titiran 16 Bandung;1974-05-27;368-3378-928;4000000
PH-ID-8491;Didik Setiawan, Phd., Apt.;Jl Gurame 26 Bandung;1994-10-25;122-6271-197;4000000
PH-ID-5636;Elza Sundhani, M.Sc.,Apt.;Jl Terusan Pasirkoja 229 Bandung;1987-11-02;944-7300-510;3250000
PH-ID-8611;Arif Budiman, M.P.H., Apt.;Jl Ciwastra 96 RT 001/05 Bandung;1988-09-13;245-9215-870;4000000
PH-ID-2141;Hening Pratiwi, M.Sc., Apt.;Jl Balong Gede 85 Bandung;1988-07-22;828-5808-104;4000000
PH-ID-5682;Ikhwan Yuda Kusuma, M.Si., Apt.;Jl Kb Bibit 5 Bandung;1983-04-09;644-4137-700;3500000
PH-ID-7347;Dina Febrina, M.Farm., Apt.;Jl Kopo 209 Bandung;1971-05-15;675-7508-978;3250000
PH-ID-4310;Abdul Manan, S.Farm., Apt.;Jl Baranangsiang 9 Bandung;1990-06-25;663-7894-999;2500000
PH-ID-5367;Dwi Yana N.R., S.Farm., Apt.;Jl Jend A Yani 223 Kosambi Bl A-12 Bandung;1978-11-01;502-8157-405;3500000
PH-ID-8277;Dhimas Corustio, S.Farm.,Apt.;Jl Ciwastra 134 Bandung;1975-03-10;106-9305-102;2500000
PH-ID-2619;Maria Widiastuti Dwi Nugraha, S.Farm.,Apt.;Jl Belimbing 17 Bandung;1976-02-08;433-6583-248;4000000
PH-ID-5555;Prisca Elisabeth, M.M.,Apt.;Jl Sukagalih 4 Bandung;1977-09-20;681-5746-938;2500000
PH-ID-2149;Nurina Mayasari, S.Farm., Apt.;Jl Kopo 63 Bandung;1974-06-18;161-6122-463;4000000
PH-ID-1394;Yoga Bagus Wicaksana, S.Farm.,Apt.;Jl Jend A Yani 185 Bandung;1984-11-10;136-8931-461;4000000
PH-ID-2981;Galih Samodra, M.Farm.,Apt.;Jl Jend Sudirman 436 Bandung;1970-06-15;828-4512-376;3000000
PH-ID-1304;Dosi Susan Anggraeni, S.Farm., Apt.;Jl Budi Sari II 2 RT 003/05 Bandung;1977-10-22;513-2284-948;3500000
PH-ID-7622;Deddy Agus Wahyudi, S.Farm.,Apt.;Jl PHH Mustofa 196 Bandung;1993-04-10;244-1932-854;3500000
PH-ID-7777;Rudi Chahyono, S.Farm.,Apt.;Jl Cipagalo 294 RT 004/06 Bandung;1979-12-10;639-4315-640;4000000
PH-ID-4659;Arif Budianto, S.Si.,Apt.;Jl Jend Gatot Subroto 407 Bandung;1991-03-08;660-2350-573;3250000
PH-ID-6032;Widya Dwi Aryati, M.Si., Apt.;Jl Kiaracondong 206 Bandung;1970-04-20;999-5900-840;3000000
PH-ID-1551;Nuriza Ulul Azmi, M.Sc., Apt.;Jl Karang Tinggal 41-B Bandung;1983-07-22;146-9024-350;2500000
